"flagCode","country","countriesWhereWeedIsIllegal_recreational","countriesWhereWeedIsIllegal_medical","countriesWhereWeedIsIllegal_notes"
"MX","Mexico","Decriminalized","Selective","Private recreational use legalized by Supreme Court in June 2021, though legislature has yet to replace old unconstitutional laws with viable new ones. Medical cannabis with less than 1% THC legalized in June 2017."
"IT","Italy","Decriminalized","Legal","Personal use is a misdemeanor, though fines and loss of passport or driver's license can still apply. Unauthorized sale and cultivation earn more severe punishments. Medicinal and industrial cultivation and use are tightly regulated."
"CO","Colombia","Decriminalized","Legal","Cultivation, consumption, and possession of up to 22g for personal use is decriminalized. Carrying more than 22G or cultivating up to 20 plants for personal use is allowed, but sales are not."
"ES","Spain","Decriminalized","Selective","All personal use activities are a fine-able misdemeanor only. Legal \"cannabis social clubs\" exist. Legalized for medical use in certain forms (Sativex)."
"AR","Argentina","Decriminalized","Legal","Supreme court decriminalized small amounts and private consumption in 2009. Legal for medical needs since 21 September 2017."
"PE","Peru","Decriminalized","Legal","Possession of up to 8g is not punished. Production and sale are still prohibited and can lead to 8–15 years in prison. Legalized for medical use in 2017."
"CL","Chile","Decriminalized","Legal","Cannabis use is quite common even in public. Possession and cultivation for private recreational use is decriminalized. Medical use is legal, and multiple presidential nominees in 2021 admitted using cannabis and proposed its legalization."
"NL","Netherlands","Decriminalized","Legal","Heavily decriminalized. Sales allowed in licensed coffee shops, personal consumption and possession of up to 5g is tolerated. Transportation and distribution, however, are still prohibited, as is production. Pilot programs for legalizing the production pipeline are in process."
"EC","Ecuador","Decriminalized","Legal","Possession of under 10g is considered personal use and not punished. Legalized for medical uses in Sept. 2019."
"BE","Belgium","Decriminalized","Selective","Recreationally, up to 3g decriminalized since 2003. Medically legal in certain forms (Sativex)."
"CZ","Czech Republic","Decriminalized","Legal","Recreational possession of up to 10g or cultivation of up to 5 plants is usually tolerated, but can incur a small fine. Use is common. Medicinal use legal and regulated since 2013."
"PT","Portugal","Decriminalized","Legal","Portugal decriminalized all drug use in 2001 (the first country to do so). Up to 25g of plant material or 5g of hashish are acceptable. Legalized for medical use in July 2018."
"IL","Israel","Decriminalized","Legal","Possession of up to 15g is rarely prosecuted. Public use can be punishable via fines. A 2017 survey found Israel had the highest rate of recreational cannabis use in the world (27% of adults)."
"AT","Austria","Decriminalized","Selective","Recreationally, decriminalized since Jan. 2016. Medically legal in certain forms (Dronabinol, Nabilone, Sativex)."
"CH","Switzerland","Decriminalized","Legal","Decriminalized in 2012 such that possession of 10g or less is punishable by fine only."
"PY","Paraguay","Decriminalized","Illegal","Possession of up to 10g is not punished. Paraguay is one of world's leading producers of cannabis."
"CR","Costa Rica","Decriminalized","Legal","Medically legal as of March 2022. Decriminalized for personal use, as the crime has no criminal penalty. Dealers may still be arrested. Personal use is quite common."
"MD","Moldova","Decriminalized","Illegal","Drug use is an adminstrative offense rather than a crime. Personal possession and/or use may be punished with small fine or 2 hours community service."
"JM","Jamaica","Decriminalized","Legal","Decriminalized since 2015. Up to 2oz or cultivation of 5 plants is a petty offense. Rastafari can use for spiritual purposes. First medical dispensary opened in 2018."
"SI","Slovenia","Decriminalized","Selective","Possession of personal use amounts is a misdemeanor only. Medically, cannabis-based drugs were legalized in 2013, but cannabis itself was not."
"TT","Trinidad and Tobago","Decriminalized","Illegal","Decriminalized in Dec 2019 for possession of up to 30g and cultivation of up to 4 plants."
"EE","Estonia","Decriminalized","Selective","Marginally decriminalized, as up to 7.5g is punished with only a fine. Possession of larger amounts or selling can result in up to 5 years imprisionment. Medical use requires a specific permit."
"LC","Saint Lucia","Decriminalized","Illegal","Decriminalized for amounts up to 30g on 14 Sept. 2021 ."
"VC","Saint Vincent and the Grenadines","Decriminalized","Illegal","Decriminalized for amounts up to 56g (2oz) in 2019."
"AG","Antigua and Barbuda","Decriminalized","Illegal",
"DM","Dominica","Decriminalized","Illegal","Decriminalized in Oct. 2020 for possession of up to 28g and cultivation of up to 3 plants."
"BM","Bermuda","Decriminalized","Legal","Recreationally, up to 7g decriminalized since 2017. Medical use allowed since Nov. 2016, but supplies are restricted."
"CN","China","Illegal","Illegal","Illegal for personal and medical use, legal for industrial and manufacturing uses (fabric, rope)."
"ID","Indonesia","Illegal","Illegal","Banned in 1927. Minimum sentence for possession is 4 years in prison for adults."
"NG","Nigeria","Illegal","Illegal","Nigeria ranks as one of the world's leading producers and consumers of cannabis despite its illegality."
"BR","Brazil","Illegal","Selective","Possession of a small amount is treated with a warning, community service, and education on the effects of drug use. Possession of large amounts is considered drug trafficking, as are sale, transportation, and cultivation. Medically legal in certain forms (Sativex), especially for terminally ill patients."
"RU","Russia","Illegal","Illegal","According to Russian law, possession of up to 6g of cannabis (or 2g of hashish) is an administrative offense and can result in a fine of RUB 5,000 or up to 15 days imprisonment. Possession of larger amounts warrants greater punishment. Foreign nationals and stateless individuals who violate the law are subject to deportation regardless of the amount. In 2022, American WNBA star Brittney Griner was arrested in Russia for possession of .less than a gram (.702) of hash oil, which she had been prescribed in the U.S. but which is illegal in Russia, and was eventually sentenced to 9 1/2 years in prison."
"ET","Ethiopia","Illegal","Illegal","Possession of cannabis is punishable with up to six months in prison."
"JP","Japan","Illegal","Illegal","Although hemp was an important crop for medieval Japan, the country outlawed its use in 1948."
"PH","Philippines","Illegal","Illigal","Medical use of cannabis is possible with a special permit from the Food and Drugs Authority for use by individuals with serious or terminal illness."
"CD","DR Congo","Illegal","Illegal",
"VN","Vietnam","Illegal","Illegal",
"TR","Turkey","Illegal","Selective","Legalized for medical use in certain forms (Sativex, etc.) in 2016."
"TZ","Tanzania","Illegal","Illegal",
"FR","France","Illegal","Selective","Possession typically punished via a 200€ on-the-spot fine. Limited medical use was legalized in 2013, and pilot programs are testing expansion options."
"KE","Kenya","Illegal","Illegal",
"KR","South Korea","Illegal","Selective","Medical use was legalized in November 2018 but is limited to Epidiolex, Marinol and Sativex."
"SD","Sudan","Illegal","Illegal",
"UG","Uganda","Illegal","Illegal",
"DZ","Algeria","Illegal","Illegal",
"IQ","Iraq","Illegal","Illegal",
"AF","Afghanistan","Illegal","Illegal","King Zahir Shah prohibited production in 1973."
"YE","Yemen","Illegal","Illegal",
"AO","Angola","Illegal","Illegal",
"UA","Ukraine","Illegal","Legal","In December 2023, Parliament adopted a bill to legalize medical cannabis on second reading. It was signed into law by President Zelensky on 15 February 2024"
"PL","Poland","Illegal","Legal","Though illegal, prosecutors can choose to drop charges for possession of a minimal amount of cannabis. Legalized for medical use in 2017."
"UZ","Uzbekistan","Illegal","Illegal",
"MY","Malaysia","Illegal","Illegal","Medical use legalized in 2021. Recreational use still illegal. Drug trafficking comes with mandatory death sentence."
"MZ","Mozambique","Illegal","Illegal","Cannabis is known as suruma in Mozambique."
"GH","Ghana","Illegal","Legal (but obstructed)","Technically legal for medical use, but requires license from Secretary of Health, rendering it functionally illegal."
"SA","Saudi Arabia","Illegal","Illegal","Drug use is punishable by imprisonment (or deportation for foreigners), trafficking can result in death penalty."
"MG","Madagascar","Illegal","Illegal",
"CI","Ivory Coast","Illegal","Illegal",
"CM","Cameroon","Illegal","Illegal","Cannabis has several uses in traditional Cameroonian medicine, including easing labor pains and enhancing intercourse."
"NP","Nepal","Illegal","Illegal","Although traditionally consumed and offered during Maha Shivaratri, a festival honoring the Hindu god Shiva, cannabis is technically illegal. Multiple propositions to legalize it are in process."
"VE","Venezuela","Illegal","Illegal",
"NE","Niger","Illegal","Illegal",
"SY","Syria","Illegal","Illegal","Illegal, but rarely enforced since the start of the Syrian civil war except in areas controlled by the jihadist Al-Nusra Front."
"ML","Mali","Illegal","Illegal",
"BF","Burkina Faso","Illegal","Illegal",
"LK","Sri Lanka","Illegal","Legal",
"TW","Taiwan","Illegal","Illegal",
"MW","Malawi","Illegal","Legal","Although illegal, \"ganja\" is still widely used and cultivated. Malawian cannabis, particularly \"Malawi Gold\" is internationally respected for its quality. Cultivation and processing for medial use was legalized in Feb.2020."
"ZM","Zambia","Illegal","Legal (but obstructed)","May be legally cultivated for medicinal use as of 2017, but requires a license and health minister has refused to grant any licenses."
"TD","Chad","Illegal","Illegal",
"KZ","Kazakhstan","Illegal","Illegal","Although cannabis is illegal in Kazakhstan, it is said to grow profusely in the wild."
"SO","Somalia","Illegal","Illegal",
"SN","Senegal","Illegal","Illegal","Cannabis is called samba in Senegal."
"RO","Romania","Illegal","Selective","Cannabis products with less than 0.2% THC legalized for medical use in 2013."
"GT","Guatemala","Illegal","Illegal","Recent government efforts to legalize cannabis have stalled, though polls indicate possible support for decriminalization."
"ZW","Zimbabwe","Illegal","Legal","Cannabis is often called mbanje in Zimbabwe."
"GN","Guinea","Illegal","Illegal",
"BJ","Benin","Illegal","Illegal",
"RW","Rwanda","Illegal","Legal","Legalized for medical use in July 2021."
"BI","Burundi","Illegal","Illegal","A 1977 report noted that the ban was rarely enforced."
"BO","Bolivia","Illegal","Illegal",
"TN","Tunisia","Illegal","Illegal",
"SS","South Sudan","Illegal","Illegal",
"HT","Haiti","Illegal","Illegal",
"JO","Jordan","Illegal","Illegal",
"DO","Dominican Republic","Illegal","Illegal","As in most countries, sentencing increases in severity in line with the amount of cannabis possessed."
"AE","United Arab Emirates","Illegal","Illegal","As of Jan. 2022, possession of cannabis-related products is no longer a criminal offense, though the products will still be confiscated and destroyed."
"HN","Honduras","Illegal","Illegal",
"CU","Cuba","Illegal","Illegal",
"TJ","Tajikistan","Illegal","Illegal",
"PG","Papua New Guinea","Illegal","Illegal",
"SE","Sweden","Illegal","Selective","Legal for specific medicinal uses but requires license."
"AZ","Azerbaijan","Illegal","Illegal",
"GR","Greece","Illegal","Legal","Illegal for recreational use, but legal for medicinal use since 2017."
"TG","Togo","Illegal","Illegal",
"HU","Hungary","Illegal","Illegal",
"BY","Belarus","Illegal","Illegal",
"SL","Sierra Leone","Illegal","Illegal",
"TM","Turkmenistan","Illegal","Illegal",
"LY","Libya","Illegal","Illegal",
"HK","Hong Kong","Illegal","Illegal",
"KG","Kyrgyzstan","Illegal","Illegal",
"NI","Nicaragua","Illegal","Illegal",
"BG","Bulgaria","Illegal","Illegal","A previously existing \"personal dose\" allowance was eliminated in 2004"
"RS","Serbia","Illegal","Illegal",
"CG","Republic of the Congo","Illegal","Illegal","Known locally as mbanga."
"SV","El Salvador","Illegal","Illegal",
"DK","Denmark","Illegal","Legal","Possession is punishable by a fine (small amounts) and/or imprisonment (large amounts). 4-year pilot program for legal medical use began in January 2018. Freetown Christiania, a self-declared autonomous community in Copenhagen, is known for its cannabis trade."
"SG","Singapore","Illegal","Selective","Offenders carrying 500g or more are assumed to be dealers and may be sentenced to death. Epilepsy patients may obtain permission to use cannabis-related medications."
"LB","Lebanon","Illegal","Legal","Cultivation for medical purposes was legalized in April 2020, as was cultivation of a non-psychoactive variety of hemp."
"LR","Liberia","Illegal","Illegal",
"NO","Norway","Illegal","Legal","Decriminalization bill failed in 2021, but efforts are ongoing. Current penalties for possession and use can include fines and loss of driver's license."
"CF","Central African Republic","Illegal","Illegal",
"OM","Oman","Illegal","Illegal",
"SK","Slovakia","Illegal","Illegal","As of 2022, Slovakia is the only country in the European Union that still considers CBD a dangerous substance."
"MR","Mauritania","Illegal","Illegal",
"IE","Ireland","Illegal","Selective","Efforts to legalize cannabis are increasing. Medicinal use is currently legal as a last resort via a 5-year pilot program launched in 2019."
"NZ","New Zealand","Illegal","Legal","Offenders caught in possession of more than 28g are tried as drug traffickers. Legalized for medical use in December 2018."
"KW","Kuwait","Illegal","Illegal",
"PA","Panama","Illegal","Legal","Ban is often unenforced and use often accepted. Medical use legalized in 2021, making Panama the first country in Central America to do so."
"HR","Croatia","Illegal","Legal","Personal cannabis use or the possession of small quantities of the drug usually results in a fine. Medicinal cannabis was legalized 15 Oct. 2015 for patients with illnesses such as cancer, multiple sclerosis, or AIDS."
"ER","Eritrea","Illegal","Illegal",
"MN","Mongolia","Illegal","Illegal",
"BA","Bosnia and Herzegovina","Illegal","Illegal","The Ministry of Civil Affairs formed a task force in 2016 to consider legalizing cannabis for medical use."
"QA","Qatar","Illegal","Illegal",
"NA","Namibia","Illegal","Illegal","Illegal, though it played a role in Nambian traditional medicine."
"AM","Armenia","Illegal","Illegal",
"LT","Lithuania","Illegal","Legal","Medical use was legalized on 11 October 2018. Cultivation of industrial hemp is also legal."
"GM","Gambia","Illegal","Illegal","Cannabis is often referred to as yamba or tie in the Gambia."
"AL","Albania","Illegal","Legal","Prohibited, but rarely enforced. Plants are readily available.\nOn 21 July 2023 the Albanian Parliament voted 69–23 to legalize medical cannabis."
"GA","Gabon","Illegal","Illegal",
"BW","Botswana","Illegal","Illegal","Cannabis is alternately called motokwane or dagga in Botswana."
"GW","Guinea-Bissau","Illegal","Illegal",
"GQ","Equatorial Guinea","Illegal","Illegal","Enforcment may be infrequent."
"LV","Latvia","Illegal","Illegal","Illegal for recreational and medicinal use, but hemp may still be cultivated for industrial uses."
"MK","North Macedonia","Illegal","Legal","In 2020, prime minister announced plans to legalize recreational use. Legalized for medical use on Feb. 09, 2016."
"BH","Bahrain","Illegal","Illegal",
"CY","Cyprus","Illegal","Legal","Legalized for medical use in Jan 2017, expanded in Feb. 2019. Recreational use carries penalties of up to 8 years for possession (2 years for first-offense 25-year-olds) and life in prison for consumption."
"MU","Mauritius","Illegal","Illegal","Cannabis is called gandia in Mauritius."
"SZ","Eswatini","Illegal","Illegal","The Swazi name for cannabis is \"insangu.\""
"DJ","Djibouti","Illegal","Illegal","Cannabis use in Djibouti is low, due largely to poor growing conditions and a preference for the legal drug khat."
"FJ","Fiji","Illegal","Illegal",
"KM","Comoros","Illegal","Illegal","Cannabis was legal from January 1975 to May 1978, thanks to then-president Ali Soilih."
"SB","Solomon Islands","Illegal","illegal",
"GY","Guyana","Illegal","Illegal","Offenders possessing 15g or more of cannabis may be charged with drug trafficking."
"BT","Bhutan","Illegal","Illegal","Cannabis plants grow naturally and have traditionally been fed to pigs or woven into textiles."
"MO","Macau","Illegal","Illegal",
"SR","Suriname","Illegal","Illegal",
"ME","Montenegro","Illegal","Illegal",
"MV","Maldives","Illegal","Illegal",
"CV","Cape Verde","Illegal","Illegal","Cannabis is sometimes mixed with cocaine to create the blended drug cochamba."
"BN","Brunei","Illegal","Illegal","Cannabis is strictly outlawed, with punishments ranging from prison terms and cane whippings to the death sentence (typically reserved for traffickers)."
"BS","Bahamas","Illegal","Illegal",
"IS","Iceland","Illegal","Illegal","Possession typically results in a fine, but sale and cultivation are punished more severely."
"VU","Vanuatu","Illegal","Legal","Legalized for medical use in 2018."
"ST","Sao Tome and Principe","Illegal","Illegal",
"WS","Samoa","Illegal","Illegal",
"KI","Kiribati","Illegal","Illegal",
"SC","Seychelles","Illegal","Illegal",
"GD","Grenada","Illegal","Illegal",
"FM","Micronesia","Illegal","Illegal",
"TO","Tonga","Illegal","Illegal",
"AD","Andorra","Illegal","Illegal",
"GL","Greenland","Illegal","Illegal",
"LI","Liechtenstein","Illegal","Illegal",
"MC","Monaco","Illegal","Illegal","Although maximum penalties are steep, police and courts often let offenders off with a warning."
"MH","Marshall Islands","Illegal","Illegal",
"SM","San Marino","Illegal","Legal","Legalized for medical use in 2016."
"PW","Palau","Illegal","Illegal",
"TV","Tuvalu","Illegal","Illegal",
"VA","Vatican City","Illegal","Illegal",
"PK","Pakistan","Illegal (but tolerated)","Selective","Although illegal, use tends to be tolerated in many parts of the country (Peshawar and northern Pakistan). Medical CBD legalized in Sept. 2020."
"BD","Bangladesh","Illegal (but tolerated)","Illegal","Banned in 1989, but ban is rarely enforced. Freely available in many areas."
"EG","Egypt","Illegal (but tolerated)","Illegal","Cannabis is illegal and the potential penalties are steep, but the law is rarely enforced and cannabis use is widespread. Cannabis has several uses in traditional Egyptian medicine."
"IR","Iran","Illegal (but tolerated)","Illegal","Ban is not strictly enforced. Possession of more than 5g of hashish is punishable by death."
"GB","United Kingdom","Illegal (but tolerated)","Selective","Possession may result in warning or fine instead of arrest. Legal for medicinal use since Nov. 2018 but must be prescribed by specialist as a last resort. The U.K. is one of the world's leading exporters of legal cannabis."
"MM","Myanmar","Illegal (but tolerated)","Illegal",
"MA","Morocco","Illegal (but tolerated)","Legal","Banned in 1974, but often unofficially tolerated. Morocco led the world in cannabis production in 2016. Medical, cosmetic, and industrial use was legalized on May 26, 2021."
"KH","Cambodia","Illegal (but tolerated)","Illegal","Prohibition is inconsistently enforced. \"Happy\" restaurants freely offer marijuana cooked into food or used as a garnish."
"LA","Laos","Illegal (but tolerated)","Illegal","Illegal, but rarely enforced, as many police would rather accept a bribe to release a would-be offender. Many shops sell marijuana openly."
"FI","Finland","Illegal (but tolerated)","Selective","Personal use is generally punished via a simple fine. Medicinal cannabis use requires a special license, which can be difficult to obtain."
"LS","Lesotho","Illegal (but tolerated)","Illegal","Illegal, but law is widely ignored. Cannabis, known locally as matekoane, is country's largest cash crop. Those with a license can grow cannabis legally for medicinal purposes."
"BZ","Belize","Illegal (but tolerated)","Illegal","Prohibited, but widely tolerated. Laws decriminalizing possession of up to 10g pending."
"DE","Germany","Legal","Legal","On 23 February 2024, the German Bundestag passed the Act on the Controlled Use of Cannabis, legalizing possession of 25 g (7⁄8 oz) outside the home, 50 g (1+3⁄4 oz) at home, and private cultivation of three plants, for adults 18 and over, beginning on 1 April 2024."
"TH","Thailand","Legal","Legal","Legalized on 9 June, 2022. Possession, cultivation up to 6 plants, distribution, and private consumption are legal. Sales are legal except to minors and pregnant women. Oils and tinctures with THC of over 0.2% are still illegal unless prescribed. Legalized for medical use in 2018."
"CA","Canada","Legal","Legal","Medicinally legal since 2001 and recreationally since October 17, 2018. Guidelines for production, purchase, and consumption vary by province."
"UY","Uruguay","Legal","Legal","Legal for recreational use, but buyers must be registered citizens. Foreigners cannot purchase. Cultivation of up to 6 plants is legal, as are non-profit cannabis social clubs."
"MT","Malta","Legal","Legal","As of Dec. 2021, possession of up to 7g and cultivation of up to 4 plants is legal. Malta is the first EU country to legalize recreational cannabis. Legalized for medical use in 2018."
"ZA","South Africa","Legal (but obstructed)","Legal (but obstructed)","Legal for private use and cultivation, but purchase, sale, and public use are prohibited. Legalized for medical use, but no legal way to buy or sell medicinals exists."
"GE","Georgia","Legal (but obstructed)","Legal (but obstructed)","Georgia was among the first countries to legalize cannabis for recreational and medicinal use (30 July 2018). However, while recreational possession and consumption are legal, sales are not. Similarly, medical use of cannabis is legal, but no network exists to dispense it."
"IN","India","Selective","Selective","Personal use is illegal, but many states make exceptions for the edible processed form bhang, which is sold in government-owned shops. Medical use of CBD oil w up to 0.3% THC are legal. Cannabis laws vary by state."
"US","United States","Selective","Selective","Recreational and medicinal legality vary greatly by state."
"AU","Australia","Selective","Selective","Decriminalized for personal recreational use in the Northern Territory and South Australia. Legal to use in Australian Capital Territory, but not to sell. Medical legality varies by territory."
"LU","Luxembourg","Selective","Legal","Consumption and possession are legal for personal use at home but the sale remains prohibited. Transportation is illegal (outside of medical use). Growing for personal use is legal for adults within the limit of 4 plants per household (from seeds and the plants must be hidden from public view). Consumption outside the home and possession of up to 3 g (1⁄10 oz) outside the home are decriminalized (subject to a fine between 25 and 500 euros, or 145 euros)."
"BB","Barbados","Selective","Legal","Legal for Rastafarians' spiritual use."
"KP","North Korea","Unknown","Unknown","The legality of cannabis in North Korea is unknown, as conflicting reports have surfaced."